{
  "summary": {
    "data_loading": {
      "mean": 0.01498729300510604,
      "std": 0.0,
      "min": 0.01498729300510604,
      "max": 0.01498729300510604,
      "total": 0.01498729300510604,
      "count": 1
    },
    "model_initialization": {
      "mean": 0.5987619749939768,
      "std": 0.0,
      "min": 0.5987619749939768,
      "max": 0.5987619749939768,
      "total": 0.5987619749939768,
      "count": 1
    },
    "data_transfer": {
      "mean": 9.951454315644999e-06,
      "std": 2.1396622277119684e-06,
      "min": 7.5410061981529e-06,
      "max": 1.8024002201855183e-05,
      "total": 0.001641989962081425,
      "count": 165
    },
    "forward_pass": {
      "mean": 0.006600744739284203,
      "std": 0.002282965553347758,
      "min": 0.0036823660047957674,
      "max": 0.02314767001371365,
      "total": 1.0891228819818934,
      "count": 165
    },
    "loss_computation": {
      "mean": 0.0002319923098460122,
      "std": 0.0002080906339682306,
      "min": 0.00012479200086090714,
      "max": 0.0023002270027063787,
      "total": 0.038278731124592014,
      "count": 165
    },
    "backward_pass": {
      "mean": 0.013536777582273564,
      "std": 0.003700579819731303,
      "min": 0.006910879994393326,
      "max": 0.045258968995767646,
      "total": 2.233568301075138,
      "count": 165
    },
    "optimizer_step": {
      "mean": 0.0007602605577134951,
      "std": 0.00033361953608846367,
      "min": 0.0005464970017783344,
      "max": 0.003903414006344974,
      "total": 0.12544299202272668,
      "count": 165
    },
    "epoch_1_train": {
      "mean": 38.74446708500909,
      "std": 0.0,
      "min": 38.74446708500909,
      "max": 38.74446708500909,
      "total": 38.74446708500909,
      "count": 1
    },
    "epoch_1_validation": {
      "mean": 4.774387489989749,
      "std": 0.0,
      "min": 4.774387489989749,
      "max": 4.774387489989749,
      "total": 4.774387489989749,
      "count": 1
    },
    "model_save": {
      "mean": 0.0010205473323973517,
      "std": 0.0001281853347382555,
      "min": 0.0008721779886400327,
      "max": 0.001184938009828329,
      "total": 0.003061641997192055,
      "count": 3
    },
    "epoch_2_train": {
      "mean": 43.96756376999838,
      "std": 0.0,
      "min": 43.96756376999838,
      "max": 43.96756376999838,
      "total": 43.96756376999838,
      "count": 1
    },
    "epoch_2_validation": {
      "mean": 4.876744745997712,
      "std": 0.0,
      "min": 4.876744745997712,
      "max": 4.876744745997712,
      "total": 4.876744745997712,
      "count": 1
    },
    "epoch_3_train": {
      "mean": 44.11857411899837,
      "std": 0.0,
      "min": 44.11857411899837,
      "max": 44.11857411899837,
      "total": 44.11857411899837,
      "count": 1
    },
    "epoch_3_validation": {
      "mean": 4.458382843993604,
      "std": 0.0,
      "min": 4.458382843993604,
      "max": 4.458382843993604,
      "total": 4.458382843993604,
      "count": 1
    }
  },
  "metrics": {
    "batch_loss": [
      0.9773739576339722,
      1.0607179403305054,
      1.0459762811660767,
      0.8606319427490234,
      0.9055066108703613,
      0.9980120062828064,
      1.0334962606430054,
      0.9565701484680176,
      0.8576207160949707,
      0.8645197749137878,
      0.638129711151123,
      0.5594077110290527,
      0.5529308915138245,
      0.7255918979644775,
      0.7618638277053833,
      0.6171787977218628,
      0.7907621264457703,
      0.5879744291305542,
      0.5384133458137512,
      0.6946721076965332,
      0.7525980472564697,
      0.7456540465354919,
      0.7422755360603333,
      0.6825493574142456,
      0.5135359168052673,
      0.6943538784980774,
      0.6278862953186035,
      0.42641744017601013,
      0.6346979141235352,
      0.6200113892555237
    ],
    "train_loss_per_epoch": [
      0.7850492011417042,
      0.663800585269928,
      0.6568037948825143
    ],
    "val_loss_per_epoch": [
      0.5713596578155246,
      0.5655786304601601,
      0.555721428245306
    ]
  }
}
